EmpID,Age,Gender,Department,JobRole,Salary,Experience,JobSatisfaction,WorkLifeBalance,Attrition
1001,26,Male,HR,Manager,36718,2,2,5,Yes
1002,34,Female,Support,Analyst,58909,3,2,1,No
1003,35,Female,IT,Developer,38848,11,5,3,No
1004,23,Male,HR,Manager,51777,0,3,4,Yes
1005,37,Female,Sales,Executive,66585,7,1,5,No
1006,25,Male,IT,Developer,34315,4,1,1,Yes
1007,44,Male,Sales,Executive,33294,1,1,3,No
1008,34,Female,HR,Manager,39305,12,5,5,No
1009,42,Male,Support,Analyst,48660,20,4,2,No
1010,43,Female,Support,Analyst,52212,22,4,4,No
1011,22,Female,IT,Developer,65266,1,2,2,Yes
1012,37,Male,Finance,Accountant,38590,1,4,5,Yes
1013,36,Male,Finance,Accountant,61113,4,3,3,Yes
1014,44,Female,Support,Analyst,64537,3,4,4,No
1015,30,Female,Sales,Executive,64343,8,4,3,Yes
1016,38,Male,Finance,Accountant,54293,10,1,3,Yes
1017,43,Female,Support,Analyst,52241,9,5,4,No
1018,43,Female,Finance,Accountant,26436,17,3,1,No
1019,36,Female,IT,Developer,21520,10,5,3,Yes
1020,31,Female,Sales,Executive,20320,7,4,4,Yes
1021,34,Female,Support,Analyst,45934,11,1,2,Yes
1022,28,Male,Finance,Accountant,22466,1,2,3,Yes
1023,22,Female,Support,Analyst,45279,1,4,3,Yes
1024,40,Male,IT,Developer,49188,2,2,5,Yes
1025,28,Male,Finance,Accountant,55788,1,2,2,Yes
1026,43,Male,IT,Developer,27992,15,3,3,Yes
1027,26,Male,Finance,Accountant,43223,1,4,4,No
1028,32,Female,Support,Analyst,46327,0,1,5,Yes
1029,25,Male,Finance,Accountant,59654,0,5,2,Yes
1030,36,Male,IT,Developer,52033,5,4,2,Yes
1031,24,Female,HR,Manager,46187,3,4,3,No
1032,44,Female,HR,Manager,44230,22,5,2,No
1033,37,Female,IT,Developer,29553,8,2,4,Yes
1034,42,Male,Finance,Accountant,28845,4,4,3,No
1035,22,Female,Finance,Accountant,64182,1,3,3,Yes
1036,44,Male,Finance,Accountant,42405,20,2,2,Yes
1037,36,Female,Support,Analyst,56384,15,4,4,Yes
1038,36,Female,HR,Manager,64599,8,1,5,Yes
1039,36,Female,IT,Developer,51633,6,3,3,No
1040,43,Female,HR,Manager,28733,22,2,4,Yes
1041,26,Male,Sales,Executive,67405,3,2,1,Yes
1042,44,Female,Support,Analyst,58538,15,2,3,Yes
1043,25,Male,Finance,Accountant,38080,4,5,5,No
1044,30,Female,Finance,Accountant,66195,4,4,1,No
1045,41,Male,IT,Developer,38343,9,5,1,No
1046,26,Female,IT,Developer,51327,2,2,2,Yes
1047,27,Male,Sales,Executive,35806,5,5,5,No
1048,22,Female,Finance,Accountant,30929,1,3,1,No
1049,36,Male,Finance,Accountant,66849,13,4,5,No
1050,34,Female,Support,Analyst,38153,2,2,2,Yes
1051,32,Male,Sales,Executive,54566,11,2,4,Yes
1052,38,Male,Finance,Accountant,40955,10,3,4,No
1053,31,Male,Sales,Executive,63637,6,4,3,No
1054,42,Male,Sales,Executive,40955,20,3,1,No
1055,34,Female,Sales,Executive,33019,2,5,5,No
1056,44,Male,IT,Developer,33643,16,1,4,Yes
1057,36,Male,Sales,Executive,49842,0,2,1,Yes
1058,35,Female,Finance,Accountant,33043,4,3,5,No
1059,37,Female,Finance,Accountant,55874,4,1,1,Yes
1060,29,Female,Sales,Executive,22208,0,1,4,Yes
1061,40,Female,Support,Analyst,58988,12,5,3,Yes
1062,42,Female,Sales,Executive,59728,20,5,2,No
1063,27,Female,HR,Manager,54638,5,2,1,Yes
1064,42,Female,HR,Manager,27295,7,4,1,Yes
1065,45,Female,IT,Developer,52642,2,2,3,No
1066,41,Female,HR,Manager,22921,6,3,2,Yes
1067,25,Female,Support,Analyst,56196,4,2,4,Yes
1068,24,Male,HR,Manager,45498,2,2,4,No
1069,44,Male,Finance,Accountant,36028,20,2,2,Yes
1070,26,Female,Finance,Accountant,53837,0,3,2,No
1071,36,Male,Sales,Executive,63338,15,4,3,No
1072,33,Female,Support,Analyst,48085,10,4,1,No
1073,22,Female,IT,Developer,51979,1,3,4,Yes
1074,22,Male,IT,Developer,42234,0,3,2,No
1075,25,Female,Support,Analyst,50671,0,2,4,No
1076,25,Male,HR,Manager,58195,1,3,2,Yes
1077,42,Female,HR,Manager,31323,10,3,5,Yes
1078,44,Male,HR,Manager,22602,4,3,4,Yes
1079,35,Male,HR,Manager,59332,11,5,1,No
1080,32,Male,Support,Analyst,49074,5,5,3,No
1081,25,Female,HR,Manager,61097,2,2,5,Yes
1082,22,Female,Sales,Executive,31449,1,3,2,No
1083,45,Female,Sales,Executive,36880,19,3,5,No
1084,32,Female,IT,Developer,33259,2,2,5,Yes
1085,40,Male,Finance,Accountant,22256,13,3,4,No
1086,23,Female,HR,Manager,32775,0,4,2,Yes
1087,41,Female,HR,Manager,51142,6,4,1,Yes
1088,25,Male,IT,Developer,36605,2,3,5,No
1089,27,Male,IT,Developer,64536,3,2,2,Yes
1090,45,Female,IT,Developer,44525,19,3,2,No
1091,42,Male,Support,Analyst,30747,11,3,5,No
1092,32,Female,Support,Analyst,60274,3,2,3,Yes
1093,28,Female,IT,Developer,29339,7,5,5,No
1094,40,Female,Sales,Executive,46803,16,2,3,Yes
1095,35,Female,IT,Developer,53349,4,2,2,No
1096,38,Female,IT,Developer,22828,14,2,1,Yes
1097,37,Male,HR,Manager,52125,5,1,5,Yes
1098,33,Female,IT,Developer,28257,10,2,4,No
1099,31,Female,HR,Manager,55517,2,3,5,No
1100,43,Male,HR,Manager,69795,19,4,4,Yes
1101,42,Female,Support,Analyst,69915,15,3,2,No
1102,23,Female,IT,Developer,63428,0,1,4,Yes
1103,38,Male,Finance,Accountant,49367,6,5,4,No
1104,22,Female,Sales,Executive,60852,0,3,3,No
1105,40,Male,Finance,Accountant,57403,9,1,1,Yes
1106,30,Female,HR,Manager,44006,0,4,2,Yes
1107,26,Male,IT,Developer,60520,2,1,4,Yes
1108,36,Female,IT,Developer,56066,6,3,4,No
1109,32,Male,Support,Analyst,55427,6,3,3,No
1110,25,Female,Finance,Accountant,21335,3,3,2,No
1111,36,Male,HR,Manager,56281,3,1,5,No
1112,32,Female,Finance,Accountant,25223,4,5,2,No
1113,23,Female,Support,Analyst,35900,2,5,5,No
1114,40,Male,Support,Analyst,36562,17,1,4,Yes
1115,43,Male,HR,Manager,37000,20,4,2,No
1116,34,Male,Finance,Accountant,38830,3,3,4,Yes
1117,24,Female,HR,Manager,23359,0,2,2,Yes
1118,24,Male,IT,Developer,50859,2,5,3,Yes
1119,33,Female,Finance,Accountant,24484,11,4,1,Yes
1120,38,Male,IT,Developer,67164,5,3,1,No
1121,24,Male,Support,Analyst,21260,0,5,5,Yes
1122,33,Male,Support,Analyst,30483,12,2,4,Yes
1123,26,Female,Support,Analyst,69323,3,1,2,Yes
1124,45,Male,Sales,Executive,32850,12,3,3,No
1125,32,Male,HR,Manager,63882,3,1,3,No
1126,34,Male,IT,Developer,52299,7,4,5,No
1127,34,Male,Finance,Accountant,55399,2,2,1,Yes
1128,23,Female,Sales,Executive,56036,2,5,3,No
1129,31,Female,Finance,Accountant,26722,0,4,5,Yes
1130,33,Male,IT,Developer,30919,2,3,3,No
1131,29,Female,HR,Manager,61079,0,1,4,No
1132,28,Female,Sales,Executive,33379,1,4,3,No
1133,37,Male,Support,Analyst,56866,15,4,3,No
1134,42,Female,Finance,Accountant,25084,7,2,1,Yes
1135,28,Female,Finance,Accountant,55866,0,3,4,Yes
1136,22,Female,Sales,Executive,45274,1,1,3,Yes
1137,32,Female,Support,Analyst,21639,2,1,2,Yes
1138,35,Male,Support,Analyst,21048,14,2,2,Yes
1139,23,Male,Sales,Executive,33795,1,3,5,No
1140,45,Male,Support,Analyst,68541,8,3,3,No
1141,40,Male,IT,Developer,30128,2,2,1,No
1142,39,Female,Support,Analyst,33068,9,4,3,No
1143,34,Male,HR,Manager,33816,1,4,3,Yes
1144,37,Male,HR,Manager,34226,8,3,5,No
1145,29,Female,Finance,Accountant,57470,7,5,1,No
1146,28,Male,Finance,Accountant,43504,2,4,2,No
1147,30,Female,HR,Manager,69452,1,5,1,Yes
1148,40,Female,Support,Analyst,46580,10,2,3,No
1149,39,Female,Finance,Accountant,42980,10,4,3,No
1150,35,Female,IT,Developer,68023,5,5,5,No
1151,42,Male,Support,Analyst,21072,15,2,4,Yes
1152,23,Female,HR,Manager,65948,1,4,3,Yes
1153,31,Male,HR,Manager,34326,9,5,3,No
1154,26,Female,HR,Manager,63825,0,1,1,No
1155,26,Male,HR,Manager,21994,2,4,2,Yes
1156,24,Female,Finance,Accountant,43893,0,2,4,No
1157,32,Female,Support,Analyst,62288,11,4,5,No
1158,34,Female,IT,Developer,65332,0,1,1,Yes
1159,23,Female,Sales,Executive,67722,1,4,3,Yes
1160,28,Female,Sales,Executive,34847,1,2,4,Yes
1161,42,Female,Support,Analyst,48743,16,2,2,Yes
1162,22,Male,Sales,Executive,54442,0,1,5,No
1163,22,Female,IT,Developer,54459,1,5,4,Yes
1164,28,Female,Support,Analyst,21664,5,4,1,Yes
1165,38,Female,HR,Manager,34952,8,1,4,Yes
1166,24,Female,Finance,Accountant,38979,0,3,4,Yes
1167,29,Male,Sales,Executive,50677,6,2,1,Yes
1168,42,Male,IT,Developer,43872,9,5,1,Yes
1169,25,Female,IT,Developer,57135,2,4,4,No
1170,40,Female,IT,Developer,64953,18,1,2,No
1171,31,Female,Sales,Executive,60498,0,3,5,No
1172,31,Female,Support,Analyst,45731,1,3,1,Yes
1173,38,Male,IT,Developer,27986,3,4,3,Yes
1174,35,Female,IT,Developer,66628,3,4,1,Yes
1175,32,Male,HR,Manager,24297,0,5,1,No
1176,40,Female,Support,Analyst,52410,10,2,2,Yes
1177,40,Female,IT,Developer,49460,19,1,3,Yes
1178,44,Female,IT,Developer,38393,0,4,5,Yes
1179,39,Male,Sales,Executive,67117,11,5,2,Yes
1180,28,Female,Sales,Executive,34270,2,5,1,Yes
1181,45,Female,Support,Analyst,61077,24,3,4,No
1182,30,Male,Finance,Accountant,46992,7,2,2,Yes
1183,40,Female,Finance,Accountant,25264,6,1,4,No
1184,28,Female,Finance,Accountant,49609,2,5,3,No
1185,34,Female,Sales,Executive,40404,8,4,1,Yes
1186,36,Female,IT,Developer,34489,6,4,4,Yes
1187,24,Female,HR,Manager,52142,3,1,4,Yes
1188,28,Male,Support,Analyst,47097,4,2,3,Yes
1189,43,Female,Support,Analyst,34770,15,1,3,Yes
1190,27,Female,IT,Developer,36005,0,4,1,No
1191,44,Female,HR,Manager,58975,10,5,1,No
1192,26,Female,IT,Developer,56462,0,4,4,Yes
1193,32,Male,Support,Analyst,67779,2,5,3,No
1194,25,Male,Finance,Accountant,44796,3,5,1,Yes
1195,38,Female,HR,Manager,37126,8,4,4,Yes
1196,40,Male,HR,Manager,64327,16,3,4,No
1197,43,Male,Support,Analyst,28997,9,4,3,Yes
1198,44,Male,Support,Analyst,31076,17,5,2,No
1199,32,Male,Finance,Accountant,27292,6,4,2,No
1200,32,Female,HR,Manager,56154,2,3,3,No
1201,31,Male,Finance,Accountant,28206,9,4,5,Yes
1202,25,Male,IT,Developer,44942,3,3,5,Yes
1203,37,Female,HR,Manager,64877,5,2,4,Yes
1204,33,Female,Sales,Executive,56626,6,5,5,Yes
1205,43,Male,IT,Developer,27498,19,4,1,No
1206,28,Female,Finance,Accountant,64018,6,2,2,Yes
1207,22,Male,Sales,Executive,27517,0,2,1,No
1208,31,Female,Finance,Accountant,25241,10,4,3,No
1209,44,Female,Support,Analyst,53226,4,1,5,Yes
1210,39,Female,IT,Developer,38747,4,1,4,Yes
1211,39,Male,IT,Developer,49290,3,1,2,Yes
1212,40,Female,Finance,Accountant,46129,14,4,4,No
1213,41,Male,HR,Manager,64702,2,1,2,No
1214,44,Male,IT,Developer,63802,8,3,4,No
1215,30,Female,IT,Developer,63605,6,2,2,Yes
1216,25,Female,HR,Manager,45360,3,2,4,Yes
1217,38,Male,Sales,Executive,57420,7,1,1,Yes
1218,32,Male,Support,Analyst,68106,1,3,5,Yes
1219,39,Male,IT,Developer,57577,12,3,5,No
1220,39,Female,Support,Analyst,53942,6,1,3,No
1221,37,Female,Support,Analyst,27138,10,1,3,Yes
1222,30,Female,Finance,Accountant,22870,8,4,3,Yes
1223,36,Male,Support,Analyst,52534,3,5,2,No
1224,33,Female,Sales,Executive,29450,12,1,5,Yes
1225,45,Female,HR,Manager,24654,20,2,5,Yes
1226,39,Male,Finance,Accountant,26851,10,5,1,No
1227,39,Female,Finance,Accountant,27732,9,5,1,Yes
1228,31,Male,HR,Manager,57562,10,2,5,Yes
1229,41,Female,Support,Analyst,39791,10,5,1,Yes
1230,30,Male,Support,Analyst,39262,7,5,3,Yes
1231,39,Male,Sales,Executive,54952,8,2,4,Yes
1232,28,Female,Support,Analyst,31922,5,3,2,No
1233,24,Male,Finance,Accountant,32684,3,3,2,No
1234,42,Male,Support,Analyst,28800,7,1,5,Yes
1235,22,Female,Finance,Accountant,66961,0,5,5,Yes
1236,29,Female,Sales,Executive,29842,3,2,3,Yes
1237,28,Male,Support,Analyst,24921,2,5,4,No
1238,30,Male,IT,Developer,26213,4,1,4,No
1239,33,Female,HR,Manager,32149,9,1,2,Yes
1240,34,Female,IT,Developer,65717,2,5,3,Yes
1241,25,Male,HR,Manager,42201,2,2,3,Yes
1242,31,Female,IT,Developer,57683,1,2,3,Yes
1243,38,Female,Sales,Executive,32163,3,1,1,No
1244,44,Male,HR,Manager,49803,19,1,5,No
1245,35,Female,Finance,Accountant,20042,2,1,3,No
1246,34,Female,HR,Manager,68025,5,2,3,Yes
1247,41,Male,Sales,Executive,51969,4,3,1,No
1248,40,Male,HR,Manager,49640,6,3,1,No
1249,26,Female,HR,Manager,28192,1,1,5,Yes
1250,26,Male,Support,Analyst,43462,1,5,5,No
1251,31,Female,HR,Manager,41215,0,5,5,Yes
1252,23,Male,IT,Developer,52902,1,2,2,Yes
1253,37,Female,HR,Manager,36221,15,1,3,Yes
1254,25,Male,IT,Developer,31218,2,1,2,Yes
1255,37,Male,Sales,Executive,59609,12,2,1,Yes
1256,24,Female,IT,Developer,64319,0,1,5,Yes
1257,37,Female,Finance,Accountant,40488,6,2,2,Yes
1258,39,Female,HR,Manager,45218,11,1,1,No
1259,24,Male,Sales,Executive,56028,0,4,5,Yes
1260,38,Male,Finance,Accountant,45522,5,5,2,No
1261,38,Male,IT,Developer,59535,2,3,2,No
1262,40,Female,Support,Analyst,69055,11,3,5,No
1263,34,Male,Finance,Accountant,29863,7,1,5,Yes
1264,36,Female,Finance,Accountant,50620,0,5,2,Yes
1265,25,Female,Support,Analyst,68073,1,4,5,No
1266,40,Male,Support,Analyst,49498,7,3,1,Yes
1267,43,Female,IT,Developer,35583,22,4,3,No
1268,34,Male,IT,Developer,38982,8,3,5,No
1269,25,Male,Support,Analyst,39182,2,1,5,Yes
1270,26,Female,Sales,Executive,59826,1,2,4,Yes
1271,37,Female,HR,Manager,40216,4,5,4,Yes
1272,44,Female,HR,Manager,64699,20,3,4,No
1273,24,Female,Support,Analyst,32103,3,5,4,Yes
1274,39,Female,Finance,Accountant,43951,4,1,3,No
1275,43,Female,HR,Manager,59497,3,2,2,Yes
1276,31,Female,Sales,Executive,50205,9,4,2,No
1277,36,Female,HR,Manager,34297,11,2,5,Yes
1278,30,Female,Finance,Accountant,31506,1,4,5,Yes
1279,31,Female,IT,Developer,59514,1,2,5,No
1280,35,Male,Sales,Executive,53586,10,2,5,Yes
1281,23,Female,Support,Analyst,57703,1,3,5,Yes
1282,32,Female,Sales,Executive,32058,1,2,4,Yes
1283,30,Female,Support,Analyst,52010,6,5,3,Yes
1284,26,Female,Finance,Accountant,50972,1,3,4,No
1285,29,Male,Sales,Executive,45601,7,4,4,No
1286,40,Male,Support,Analyst,57962,9,3,2,No
1287,34,Female,HR,Manager,66981,6,3,1,No
1288,39,Female,Sales,Executive,56581,8,3,3,No
1289,40,Female,IT,Developer,61412,5,2,4,Yes
1290,38,Female,Support,Analyst,51892,11,5,4,Yes
1291,43,Male,IT,Developer,47631,12,3,1,Yes
1292,36,Male,HR,Manager,34332,10,4,2,Yes
1293,36,Female,Sales,Executive,51914,11,3,5,No
1294,44,Male,Finance,Accountant,60178,0,1,3,Yes
1295,34,Female,Support,Analyst,25122,2,3,4,Yes
1296,28,Male,Sales,Executive,44483,6,2,3,No
1297,23,Female,Support,Analyst,69999,0,2,2,Yes
1298,26,Female,Support,Analyst,38046,4,5,2,Yes
1299,40,Male,Finance,Accountant,51196,14,5,5,No
1300,45,Male,HR,Manager,31384,10,5,4,No
1301,29,Male,Finance,Accountant,51902,8,3,1,Yes
1302,30,Female,Sales,Executive,46016,6,3,3,No
1303,40,Female,Support,Analyst,66883,8,1,2,Yes
1304,44,Female,HR,Manager,61784,9,5,1,No
1305,24,Male,Finance,Accountant,51722,1,1,2,No
1306,30,Male,IT,Developer,39229,6,4,3,Yes
1307,27,Male,Finance,Accountant,47615,5,2,4,Yes
1308,37,Female,HR,Manager,30109,3,3,1,Yes
1309,31,Male,IT,Developer,33567,3,3,4,No
1310,32,Male,IT,Developer,62819,7,2,2,No
1311,27,Female,Support,Analyst,28689,4,4,5,No
1312,43,Male,IT,Developer,39778,11,5,5,Yes
1313,23,Female,HR,Manager,67700,1,3,2,Yes
1314,43,Male,Support,Analyst,49962,6,4,3,No
1315,36,Female,IT,Developer,43521,2,4,3,Yes
1316,24,Female,HR,Manager,41190,0,1,5,Yes
1317,26,Male,Finance,Accountant,34968,5,4,1,No
1318,45,Female,Sales,Executive,33474,4,4,2,No
1319,26,Male,IT,Developer,43094,2,4,4,No
1320,42,Male,Support,Analyst,62861,5,2,5,Yes
1321,35,Female,IT,Developer,66448,1,2,2,Yes
1322,42,Male,Finance,Accountant,62625,0,1,3,Yes
1323,32,Male,Sales,Executive,62565,10,1,5,Yes
1324,42,Female,Support,Analyst,47437,2,5,4,No
1325,36,Female,Finance,Accountant,61357,11,5,2,No
1326,36,Female,Sales,Executive,43678,7,4,1,No
1327,37,Female,Support,Analyst,25821,3,4,5,No
1328,31,Female,IT,Developer,31332,7,2,4,Yes
1329,40,Female,Finance,Accountant,61397,19,3,1,Yes
1330,40,Female,Sales,Executive,64399,3,5,3,No
1331,29,Female,Sales,Executive,62392,2,1,1,Yes
1332,25,Male,Finance,Accountant,68751,4,5,3,No
1333,35,Female,Finance,Accountant,29999,13,1,3,Yes
1334,42,Male,IT,Developer,48984,17,4,3,No
1335,43,Male,IT,Developer,46960,18,2,3,Yes
1336,24,Female,Finance,Accountant,66804,1,2,1,No
1337,26,Female,Sales,Executive,38822,4,3,3,No
1338,34,Male,Finance,Accountant,45195,3,5,2,No
1339,22,Female,HR,Manager,68523,1,5,1,Yes
1340,38,Female,Support,Analyst,68797,16,4,4,Yes
1341,39,Male,Sales,Executive,27503,14,3,3,Yes
1342,35,Female,Sales,Executive,45990,5,3,3,No
1343,32,Female,HR,Manager,69018,5,2,2,No
1344,44,Female,Support,Analyst,40595,4,1,3,Yes
1345,44,Female,HR,Manager,32073,11,1,2,Yes
1346,43,Female,HR,Manager,67811,17,4,3,No
1347,27,Female,IT,Developer,49077,5,2,4,Yes
1348,38,Male,Support,Analyst,21225,13,2,5,Yes
1349,40,Male,Support,Analyst,29922,1,5,1,Yes
1350,43,Male,IT,Developer,22379,5,3,2,Yes
1351,22,Male,HR,Manager,65948,1,3,1,Yes
1352,37,Male,Sales,Executive,38111,3,1,3,No
1353,41,Female,Sales,Executive,41187,13,5,2,No
1354,25,Female,Support,Analyst,36513,2,5,3,No
1355,26,Female,HR,Manager,63068,0,4,4,Yes
1356,31,Male,Sales,Executive,52631,4,1,1,No
1357,27,Female,Support,Analyst,44147,5,1,5,No
1358,22,Female,Finance,Accountant,49944,1,1,4,No
1359,28,Female,IT,Developer,51329,7,1,3,No
1360,35,Male,IT,Developer,51677,13,2,5,Yes
1361,35,Male,IT,Developer,67010,11,4,1,Yes
1362,45,Male,Sales,Executive,54184,12,2,5,No
1363,25,Male,Finance,Accountant,35433,0,2,5,No
1364,44,Female,Support,Analyst,44710,11,1,5,Yes
1365,26,Female,IT,Developer,48217,2,2,1,Yes
1366,36,Female,IT,Developer,60959,0,3,5,Yes
1367,22,Female,HR,Manager,46371,0,3,2,Yes
1368,29,Female,Sales,Executive,35998,8,3,4,No
1369,42,Male,IT,Developer,53384,1,1,5,No
1370,33,Male,IT,Developer,38925,8,5,4,Yes
1371,38,Female,IT,Developer,59312,7,2,2,No
1372,43,Male,HR,Manager,42842,0,2,4,Yes
1373,33,Female,IT,Developer,45470,10,2,3,Yes
1374,43,Female,HR,Manager,37611,20,5,1,No
1375,24,Female,HR,Manager,56162,2,4,1,Yes
1376,40,Male,IT,Developer,21751,9,2,4,Yes
1377,22,Female,Support,Analyst,47856,1,2,4,Yes
1378,22,Male,Finance,Accountant,62146,1,4,2,Yes
1379,43,Male,IT,Developer,35851,4,2,1,Yes
1380,23,Female,HR,Manager,27464,2,5,5,Yes
1381,23,Male,HR,Manager,23599,2,2,2,Yes
1382,42,Male,Sales,Executive,40677,0,2,3,Yes
1383,36,Male,IT,Developer,53295,11,3,2,Yes
1384,26,Female,IT,Developer,24880,4,2,4,Yes
1385,32,Female,Support,Analyst,42403,2,4,4,No
1386,25,Male,IT,Developer,38395,1,2,1,Yes
1387,41,Male,Support,Analyst,69401,18,2,2,No
1388,39,Male,HR,Manager,44942,1,3,5,No
1389,35,Female,Support,Analyst,34304,8,3,5,No
1390,38,Male,IT,Developer,59750,17,2,3,Yes
1391,28,Female,HR,Manager,47335,5,2,1,Yes
1392,22,Male,HR,Manager,22223,0,3,5,Yes
1393,35,Female,Sales,Executive,27658,13,5,2,No
1394,24,Male,Finance,Accountant,22117,3,2,4,Yes
1395,42,Female,Support,Analyst,41817,7,2,5,No
1396,26,Male,IT,Developer,39225,2,1,3,Yes
1397,22,Female,Support,Analyst,68124,1,1,5,No
1398,44,Male,Support,Analyst,51319,5,2,3,Yes
1399,41,Male,IT,Developer,69100,6,3,3,Yes
1400,34,Female,HR,Manager,41082,8,4,4,No
1401,29,Female,HR,Manager,56340,0,1,3,Yes
1402,25,Male,Finance,Accountant,66996,4,3,2,No
1403,45,Male,Support,Analyst,21750,8,5,2,Yes
1404,24,Female,Sales,Executive,42592,3,4,1,No
1405,22,Female,Finance,Accountant,39806,1,2,2,Yes
1406,43,Male,Sales,Executive,63364,22,5,4,Yes
1407,34,Female,HR,Manager,41941,5,5,2,No
1408,30,Female,HR,Manager,50237,9,1,4,No
1409,34,Female,Support,Analyst,46385,7,3,4,No
1410,32,Female,Finance,Accountant,30660,5,2,5,Yes
1411,28,Male,Sales,Executive,54073,5,2,3,Yes
1412,42,Female,Finance,Accountant,66029,15,4,4,No
1413,32,Male,Support,Analyst,21584,10,4,3,Yes
1414,37,Male,Sales,Executive,55015,7,2,1,Yes
1415,26,Male,Support,Analyst,56172,3,4,3,No
1416,30,Male,IT,Developer,52102,7,1,4,Yes
1417,32,Female,Support,Analyst,55163,4,1,3,Yes
1418,33,Male,Sales,Executive,58272,8,1,2,Yes
1419,22,Male,Support,Analyst,58978,1,1,3,Yes
1420,28,Male,Support,Analyst,41108,0,1,3,Yes
1421,32,Male,Finance,Accountant,26027,3,5,1,Yes
1422,27,Female,Sales,Executive,55827,3,5,3,Yes
1423,32,Male,HR,Manager,32764,11,3,5,No
1424,22,Female,IT,Developer,22746,0,1,4,Yes
1425,39,Male,Sales,Executive,64077,7,4,2,No
1426,42,Female,HR,Manager,41166,19,1,1,Yes
1427,34,Female,Support,Analyst,44485,0,4,3,Yes
1428,44,Male,Finance,Accountant,32662,3,4,5,No
1429,39,Male,Sales,Executive,60263,14,3,3,No
1430,39,Male,Sales,Executive,28288,2,1,1,Yes
1431,29,Female,Support,Analyst,57615,8,1,2,Yes
1432,36,Male,Support,Analyst,58519,8,4,1,No
1433,24,Female,HR,Manager,48464,0,4,5,Yes
1434,28,Female,Support,Analyst,40577,5,4,5,No
1435,34,Female,Sales,Executive,49709,1,1,1,Yes
1436,26,Male,IT,Developer,22850,0,1,5,Yes
1437,26,Male,IT,Developer,25921,2,5,2,Yes
1438,36,Male,Finance,Accountant,40233,7,2,3,Yes
1439,38,Male,Finance,Accountant,68225,6,2,2,Yes
1440,41,Male,HR,Manager,25094,0,5,5,Yes
1441,39,Male,Support,Analyst,53718,15,4,1,No
1442,30,Male,HR,Manager,56071,5,1,3,Yes
1443,30,Male,IT,Developer,20020,2,1,2,Yes
1444,42,Female,Finance,Accountant,60161,11,5,4,No
1445,44,Female,Finance,Accountant,64103,21,4,4,No
1446,33,Female,Sales,Executive,68234,8,1,1,Yes
1447,35,Male,Finance,Accountant,66698,0,3,3,No
1448,40,Female,HR,Manager,55997,10,5,5,No
1449,22,Male,Finance,Accountant,28534,0,1,4,Yes
1450,31,Male,Support,Analyst,62493,1,1,5,No
1451,44,Female,Finance,Accountant,26323,3,3,5,No
1452,44,Female,Finance,Accountant,43955,21,2,2,No
1453,30,Female,IT,Developer,52436,8,1,4,Yes
1454,42,Female,Support,Analyst,29960,0,4,2,Yes
1455,23,Female,Sales,Executive,56741,0,1,1,No
1456,37,Female,HR,Manager,37058,8,1,3,Yes
1457,32,Female,Sales,Executive,60383,10,1,5,Yes
1458,32,Male,IT,Developer,60007,7,2,4,Yes
1459,37,Male,Sales,Executive,29971,14,3,4,No
1460,34,Male,Sales,Executive,27100,3,5,4,Yes
1461,39,Female,HR,Manager,20244,1,4,1,No
1462,28,Male,IT,Developer,67553,1,2,4,Yes
1463,24,Female,Finance,Accountant,52049,2,3,4,Yes
1464,40,Male,Support,Analyst,48029,8,4,3,No
1465,35,Female,IT,Developer,57153,10,4,2,No
1466,37,Female,Support,Analyst,21654,14,4,1,No
1467,23,Female,Sales,Executive,68442,0,4,1,Yes
1468,22,Male,Support,Analyst,23772,1,4,4,Yes
1469,42,Male,IT,Developer,40863,16,3,2,No
1470,35,Female,Support,Analyst,49440,14,1,1,Yes
1471,43,Female,Support,Analyst,30734,17,2,5,Yes
1472,22,Female,Support,Analyst,47077,0,5,2,Yes
1473,39,Female,Finance,Accountant,65324,1,3,2,Yes
1474,44,Male,IT,Developer,28807,16,1,4,Yes
1475,40,Male,Sales,Executive,46608,2,3,4,No
1476,29,Female,Sales,Executive,55515,0,2,1,Yes
1477,26,Female,Sales,Executive,58311,0,2,5,Yes
1478,27,Male,Sales,Executive,23019,6,3,2,Yes
1479,42,Male,IT,Developer,41844,8,2,1,Yes
1480,28,Male,HR,Manager,40511,1,4,3,Yes
1481,25,Female,Support,Analyst,66892,1,3,2,Yes
1482,26,Male,Support,Analyst,27318,5,4,4,Yes
1483,30,Female,Sales,Executive,33569,7,3,5,Yes
1484,30,Female,Finance,Accountant,20074,3,3,1,Yes
1485,22,Male,Sales,Executive,51273,1,1,2,No
1486,31,Female,Sales,Executive,41672,3,4,3,No
1487,23,Female,HR,Manager,20862,1,3,5,Yes
1488,42,Male,Sales,Executive,44692,14,5,2,No
1489,41,Male,HR,Manager,53071,5,1,2,Yes
1490,25,Male,Finance,Accountant,29912,1,4,3,Yes
1491,24,Female,Support,Analyst,30589,2,1,1,Yes
1492,40,Female,Finance,Accountant,33788,18,2,5,No
1493,45,Female,Sales,Executive,32947,19,4,3,Yes
1494,29,Female,Support,Analyst,69663,5,2,1,No
1495,27,Male,HR,Manager,58247,5,1,3,Yes
1496,33,Male,HR,Manager,26542,4,1,5,No
1497,26,Female,IT,Developer,30154,4,3,3,No
1498,23,Female,IT,Developer,64478,0,2,5,Yes
1499,30,Male,Sales,Executive,23260,8,1,5,Yes
1500,35,Female,Finance,Accountant,24549,13,3,1,Yes
